link,title
https://www.omroepzeeland.nl/nieuws/121709/Introductie-HZ-gaat-door-zoals-gepland-Programma-was-al-coronaproof,Introductie HZ gaat door zoals gepland: 'Programma was al ...
https://www.omroepzeeland.nl/nieuws/116979/HZ-viert-Paarse-Vrijdag-om-iedereen-zichzelf-te-laten-zijn,HZ viert Paarse Vrijdag om iedereen zichzelf te laten zijn - Omroep ...
https://www.omroepzeeland.nl/nieuws/122803/HZ-en-Rijkswaterstaat-gaan-samenwerken-in-onderhoud-bruggen-en-sluizen,HZ en Rijkswaterstaat gaan samenwerken in onderhoud bruggen ...
https://www.omroepzeeland.nl/media/56237/Voor-het-eerst-Paarse-Vrijdag-op-de-HZ,Voor het eerst Paarse Vrijdag op de HZ - Omroep Zeeland
https://www.omroepzeeland.nl/nieuws/109073/Studenten-in-deeltijd-laten-HZ-groeien,Studenten in deeltijd laten HZ groeien - Omroep Zeeland
https://www.omroepzeeland.nl/nieuws/63731/Prinses-Laurentien-op-HZ-voor-workshop,Prinses Laurentien op HZ voor workshop - Omroep Zeeland
https://www.omroepzeeland.nl/nieuws/109219/Studenten-uit-heel-de-wereld-naar-HZ-voor-kennis-over-water,'Studenten uit heel de wereld naar HZ voor kennis over water ...
https://www.omroepzeeland.nl/nieuws/116941/HZ-Stern-Scriptieprijs-voor-studie-naar-het-Brexit-proof-maken-van-bedrijven,HZ Stern Scriptieprijs voor studie naar het Brexit-proof maken van ...
https://www.omroepzeeland.nl/nieuws/108573/HZ-blijft-bij-de-betere-hogescholen-van-Nederland-horen,HZ blijft bij de betere hogescholen van Nederland horen - Omroep ...
https://www.omroepzeeland.nl/nieuws/101070/HZ-derde-in-Keuzegids-drie-opleidingen-scoren-onvoldoende,"HZ derde in Keuzegids, drie opleidingen scoren onvoldoende ..."
https://www.omroepzeeland.nl/media/59390/Proefopstelling-voor-waterenergie-bij-de-HZ,Proefopstelling voor waterenergie bij de HZ - Omroep Zeeland
https://www.omroepzeeland.nl/nieuws/117805/HZ-houdt-met-speciaal-team-coronavirus-in-de-gaten,HZ houdt met speciaal team coronavirus in de gaten - Omroep ...
https://www.omroepzeeland.nl/nieuws/113891/Joint-Research-Center-Zeeland-wordt-markant-gebouw-in-Middelburg,Joint Research Center Zeeland wordt markant gebouw in Middelburg
https://www.omroepzeeland.nl/nieuws/107547/Argentijnse-Grootmeester-Mareco-wint-HZ-schaaktoernooi,Argentijnse Grootmeester Mareco wint HZ-schaaktoernooi - Omroep ...
https://www.omroepzeeland.nl/nieuws/118950/HZ-blijft-dicht-en-lekker-zonnen-op-veilige-afstand,"HZ blijft dicht, en lekker zonnen op veilige afstand - Omroep Zeeland"
https://www.omroepzeeland.nl/tv/programma/370059804/Evenement-van-de-week/aflevering/370167624/HZ-Open-Dag,Evenement van de week - HZ Open Dag - Omroep Zeeland
https://www.omroepzeeland.nl/nieuws/95829/HZ-wil-meer-opleidingen-verhuizen-naar-Middelburg,HZ wil meer opleidingen verhuizen naar Middelburg - Omroep ...
https://www.omroepzeeland.nl/nieuws/93636/HZ-opnieuw-in-top-3-van-beste-hogescholen,HZ opnieuw in top-3 van beste hogescholen - Omroep Zeeland
https://www.omroepzeeland.nl/nieuws/80849/Boekwinkel-was-het-hart-van-de-HZ,'Boekwinkel was het hart van de HZ' - Omroep Zeeland
https://www.omroepzeeland.nl/nieuws/107752/Start-HZ-studiejaar-ene-jaar-in-Vlissingen-en-andere-jaar-in-Middelburg,'Start HZ-studiejaar ene jaar in Vlissingen en andere jaar in ...
https://www.omroepzeeland.nl/nieuws/115345/HZ-studenten-maken-binnenhaven-Vlissingen-schoon,HZ studenten maken binnenhaven Vlissingen schoon - Omroep ...
https://www.omroepzeeland.nl/nieuws/68696/HZ-is-beste-hbo-opleiding-van-Nederland,HZ is beste hbo-opleiding van Nederland - Omroep Zeeland
https://www.omroepzeeland.nl/nieuws/71358/Middelbare-scholieren-nemen-kijkje-op-HZ,Middelbare scholieren nemen kijkje op HZ - Omroep Zeeland
https://www.omroepzeeland.nl/nieuws/77293/HZ-niet-meer-de-beste-hogeschool,HZ niet meer de beste hogeschool - Omroep Zeeland
https://www.omroepzeeland.nl/tv/programma/370059804/Evenement-van-de-week/aflevering/370103428/HZ-Open-Dag,Evenement van de week - HZ Open Dag - Omroep Zeeland
https://www.omroepzeeland.nl/nieuws/115790/HZ-studenten-doen-beloftes-tijdens-opening-Green-Office,HZ-studenten doen beloftes tijdens opening Green Office - Omroep ...
https://www.omroepzeeland.nl/nieuws/95958/HZ-wil-aantal-internationale-studenten-verdubbelen-video,HZ wil aantal internationale studenten verdubbelen (video ...
https://www.omroepzeeland.nl/nieuws/70282/Nieuw-lab-bij-HZ-moet-bouwbedrijven-uit-crisis-halen,Nieuw lab bij HZ moet bouwbedrijven uit crisis halen - Omroep ...
https://www.omroepzeeland.nl/nieuws/107873/Nieuwe-opleidingen-HZ-van-start-in-Roosendaal,Nieuwe opleidingen HZ van start in... Roosendaal - Omroep Zeeland
https://www.omroepzeeland.nl/nieuws/82974/Internationale-studenten-onmisbaar-voor-HZ,Internationale studenten onmisbaar voor HZ - Omroep Zeeland
https://www.omroepzeeland.nl/nieuws/98530/Studenten-HZ-tevreden-maar-Engels-van-docenten-kan-beter,"Studenten HZ tevreden, maar Engels van docenten kan beter ..."
https://www.omroepzeeland.nl/nieuws/109421/HZ-studenten-en-scholieren-werken-samen-in-een-lab-in-Zierikzee,HZ-studenten en scholieren werken samen in één lab in Zierikzee ...
https://www.omroepzeeland.nl/nieuws/107405/Argentijnse-schaker-favoriet-bij-HZ-toernooi,Argentijnse schaker favoriet bij HZ toernooi - Omroep Zeeland
https://www.omroepzeeland.nl/nieuws/83431/Veertig-docenten-voor-HZ-door-sociaal-leenstelsel,Veertig docenten voor HZ door sociaal leenstelsel - Omroep Zeeland
https://www.omroepzeeland.nl/nieuws/107456/Verrassende-nederlaag-Van-Foreest-bij-HZ-toernooi,Verrassende nederlaag Van Foreest bij HZ-toernooi - Omroep ...
https://www.omroepzeeland.nl/nieuws/88496/Chinezen-weten-de-HZ-te-vinden,Chinezen weten de HZ te vinden - Omroep Zeeland
https://www.omroepzeeland.nl/nieuws/80359/HZ-bookshop-mogelijk-dicht-studenten-komen-in-actie,"HZ bookshop mogelijk dicht, studenten komen in actie - Omroep ..."
https://www.omroepzeeland.nl/nieuws/116052/HZ-studenten-gaan-op-zoek-naar-een-gat-in-de-markt-met-hun-kersverse-ondernemingen,HZ-studenten gaan op zoek naar een gat in de markt met hun ...
https://www.omroepzeeland.nl/nieuws/55575/Strand-verbreed-dankzij-advies-HZ-student,Strand verbreed dankzij advies HZ-student - Omroep Zeeland
https://www.omroepzeeland.nl/nieuws/90670/Studenten-HZ-tevreden-met-hun-hogeschool,Studenten HZ tevreden met hun hogeschool - Omroep Zeeland
https://www.omroepzeeland.nl/nieuws/85241/Daling-aantal-aanmeldingen-HZ,Daling aantal aanmeldingen HZ - Omroep Zeeland
https://www.omroepzeeland.nl/nieuws/71285/Studentenstop-voor-verpleegkunde-HZ,Studentenstop voor verpleegkunde HZ - Omroep Zeeland
https://www.omroepzeeland.nl/nieuws/107535/Mareco-in-pole-position-voor-eindzege-HZ-toernooi,Mareco in pole position voor eindzege HZ-toernooi - Omroep Zeeland
https://www.omroepzeeland.nl/nieuws/81685/Geschrokken-Nepalese-HZ-studenten-in-actie-voor-slachtoffers,Geschrokken Nepalese HZ-studenten in actie voor slachtoffers ...
https://www.omroepzeeland.nl/nieuws/76141/Krasenkow-opnieuw-eindwinnaar-HZ-toernooi,Krasenkow opnieuw eindwinnaar HZ-toernooi - Omroep Zeeland
https://www.omroepzeeland.nl/nieuws/114569/Kamsky-maakt-favorietenrol-waar-en-wint-HZ-schaaktoernooi,Kamsky maakt favorietenrol waar en wint HZ-schaaktoernooi ...
https://www.omroepzeeland.nl/nieuws/97377/Studenten-HZ-en-Scalda-samen-naar-Marokko-video,Studenten HZ en Scalda samen naar Marokko (video) - Omroep ...
https://www.omroepzeeland.nl/nieuws/85187/HZ-weer-derde-in-nieuwe-Keuzegids-hbo,HZ weer derde in nieuwe Keuzegids hbo - Omroep Zeeland
https://www.omroepzeeland.nl/nieuws/114463/Organisatie-HZ-Schaaktoernooi-superblij-met-grootmeester-Gata-Kamsky,Organisatie HZ Schaaktoernooi superblij met grootmeester Gata ...
https://www.omroepzeeland.nl/nieuws/95681/HZ-Bouwkunde-jaar-naar-Middelburg,HZ Bouwkunde jaar naar Middelburg - Omroep Zeeland
https://www.omroepzeeland.nl/nieuws/97232/HZ-begint-met-nieuwe-deeltijdopleidingen,HZ begint met nieuwe deeltijdopleidingen - Omroep Zeeland
https://www.omroepzeeland.nl/media/57199/HZ-maakt-beschermingskappen-voor-zorgmedewerkers,HZ maakt beschermingskappen voor zorgmedewerkers - Omroep ...
https://www.omroepzeeland.nl/nieuws/111183/HZ-steekt-180-000-euro-in-muziekonderwijs-pabo,HZ steekt 180.000 euro in muziekonderwijs pabo - Omroep Zeeland
https://www.omroepzeeland.nl/nieuws/23958/HZ-koestert-hoop-in-HBO-fraudezaak,HZ koestert hoop in HBO-fraudezaak - Omroep Zeeland
https://www.omroepzeeland.nl/nieuws/98698/HZ-studenten-Nieuw-ontwerp-voor-brug-Marokko-video,HZ-studenten: Nieuw ontwerp voor brug Marokko (video) - Omroep ...
https://www.omroepzeeland.nl/nieuws/86604/Video-studenten-HZ-getoond-op-deltaconferentie,Video studenten HZ getoond op deltaconferentie - Omroep Zeeland
https://www.omroepzeeland.nl/nieuws/113953/HZ-verwacht-de-komende-jaren-minder-studenten,HZ verwacht de komende jaren minder studenten - Omroep Zeeland
https://www.omroepzeeland.nl/nieuws/76094/Quinten-Ducarmon-weer-beste-Zeeuw-op-HZ-toernooi,Quinten Ducarmon weer beste Zeeuw op HZ-toernooi - Omroep ...
https://www.omroepzeeland.nl/nieuws/114517/Van-Wely-leidt-bij-HZ-schaaktoernooi-Leenhouts-in-top-tien,"Van Wely leidt bij HZ-schaaktoernooi, Leenhouts in top tien ..."
https://www.omroepzeeland.nl/tv/programma/370060080/Lessen-in-Verlies/aflevering/370081752,Lessen in Verlies - - Omroep Zeeland
https://www.omroepzeeland.nl/nieuws/96662/HZ-en-UCR-zetten-stap-richting-beta-college,HZ en UCR zetten stap richting bèta-college - Omroep Zeeland
https://www.omroepzeeland.nl/nieuws/9929/HZ-start-met-de-Dutch-Delta-Academy,HZ start met de Dutch Delta Academy - Omroep Zeeland
https://www.omroepzeeland.nl/nieuws/63226/HZ-start-opleidingsprogramma-Zeeuwse-Tong,HZ start opleidingsprogramma Zeeuwse Tong - Omroep Zeeland
https://www.omroepzeeland.nl/nieuws/46988/HZ-scoort-goed-in-Nationale-Studenten-Enquete,HZ scoort goed in Nationale Studenten Enquête - Omroep Zeeland
https://www.omroepzeeland.nl/nieuws/65096/HZ-studenten-maken-zorgrobot,HZ-studenten maken zorgrobot - Omroep Zeeland
https://www.omroepzeeland.nl/nieuws/58711/HZ-schaaktoernooi-kent-twee-winnaars,HZ-schaaktoernooi kent twee winnaars - Omroep Zeeland
https://www.omroepzeeland.nl/nieuws/23187/HZ-topman-Jan-Bart-Mandos-overleden,HZ-topman Jan-Bart Mandos overleden - Omroep Zeeland
https://www.omroepzeeland.nl/nieuws/3025/HZ-studenten-promoten-Statenverkiezingen?page=8,HZ-studenten promoten Statenverkiezingen - Omroep Zeeland
https://www.omroepzeeland.nl/nieuws/67249/Schaker-Quinten-Ducarmon-stunt-bij-HZ-toernooi,Schaker Quinten Ducarmon stunt bij HZ-toernooi - Omroep Zeeland
https://www.omroepzeeland.nl/nieuws/108574/Zeeland-wordt-wakker-HZ-boze-ouderenbonden-en-brandjes,"Zeeland wordt wakker: HZ, boze ouderenbonden en brandjes ..."
https://www.omroepzeeland.nl/nieuws/51700/Studenten-HZ-meest-tevreden-van-het-land,Studenten HZ meest tevreden van het land - Omroep Zeeland
https://www.omroepzeeland.nl/nieuws/78763/HZ-studenten-lokken-jeugd-naar-stembus,HZ-studenten lokken jeugd naar stembus - Omroep Zeeland
https://www.omroepzeeland.nl/nieuws/74223/Oude-spullen-zijn-cool-bij-ruilbeurs-op-HZ,Oude spullen zijn cool bij ruilbeurs op HZ - Omroep Zeeland
https://www.omroepzeeland.nl/nieuws/12228/Studenten-HZ-gaan-bedrijven-helpen,Studenten HZ gaan bedrijven helpen - Omroep Zeeland
https://www.omroepzeeland.nl/nieuws/69216/Directeur-HZ-krijgt-zilveren-Vlissingse-Fles,Directeur HZ krijgt zilveren Vlissingse Fles - Omroep Zeeland
https://www.omroepzeeland.nl/media/55376/HZ-start-met-nieuwe-wateropleiding,HZ start met nieuwe wateropleiding - Omroep Zeeland
https://www.omroepzeeland.nl/nieuws/85560/Studenten-HZ-aan-de-slag-op-gemeentehuis-Veere,Studenten HZ aan de slag op gemeentehuis Veere - Omroep Zeeland
https://www.omroepzeeland.nl/nieuws/1228/Goese-student-HZ-wint-Echo-Award,Goese student HZ wint Echo Award - Omroep Zeeland
https://www.omroepzeeland.nl/nieuws/77281/HZ-heeft-1445-nieuwe-studenten-dit-jaar,HZ heeft 1445 nieuwe studenten dit jaar - Omroep Zeeland
https://www.omroepzeeland.nl/nieuws/84111/Georgier-Jobava-wint-19e-HZ-toernooi,Georgiër Jobava wint 19e HZ-toernooi - Omroep Zeeland
